,Name,MarketValue,Position,Teams
0,Joe Hart,11700000,Goalkeeper,manchester-city
1,Claudio Bravo,7200000,Goalkeeper,manchester-city
2,Willy Caballero,1350000,Goalkeeper,manchester-city
3,Angus Gunn,225000,Goalkeeper,manchester-city
4,John Stones,31500000,Centre-Back,manchester-city
5,Nicol??s Otamendi,27000000,Centre-Back,manchester-city
6,Vincent Kompany,19800000,Centre-Back,manchester-city
7,Eliaquim Mangala,13500000,Centre-Back,manchester-city
8,Jason Denayer,3600000,Centre-Back,manchester-city
9,Pablo Mar??,360000,Centre-Back,manchester-city
10,Tosin Adarabioyo,225000,Centre-Back,manchester-city
11,Aleksandar Kolarov,9000000,Left-Back,manchester-city
12,Ga??l Clichy,6300000,Left-Back,manchester-city
13,Oleksandr Zinchenko,4050000,Left-Back,manchester-city
14,Angeli??o,450000,Left-Back,manchester-city
15,Jes??s Navas,10800000,Right-Back,manchester-city
16,Pablo Zabaleta,6300000,Right-Back,manchester-city
17,Bacary Sagna,3600000,Right-Back,manchester-city
18,Pablo Maffeo,450000,Right-Back,manchester-city
19,Fernandinho,16200000,Defensive Midfield,manchester-city
20,Fernando Reges,9000000,Defensive Midfield,manchester-city
21,Bruno Zuculini,1080000,Defensive Midfield,manchester-city
22,Luke Brattan,540000,Defensive Midfield,manchester-city
23,Ilkay G??ndogan,27000000,Central Midfield,manchester-city
24,Fabian Delph,7200000,Central Midfield,manchester-city
25,Yaya Tour??,7200000,Central Midfield,manchester-city
26,Aaron Mooy,4500000,Central Midfield,manchester-city
27,Aleix Garc??a,900000,Central Midfield,manchester-city
28,Phil Foden,0,Central Midfield,manchester-city
29,Kevin De Bruyne,58500000,Attacking Midfield,manchester-city
30,David Silva,27000000,Attacking Midfield,manchester-city
31,Samir Nasri,14400000,Attacking Midfield,manchester-city
32,Brahim D??az,0,Attacking Midfield,manchester-city
33,Raheem Sterling,40500000,Left Winger,manchester-city
34,Leroy San??,31500000,Left Winger,manchester-city
35,Nolito,10800000,Left Winger,manchester-city
36,Marlos Moreno,900000,Left Winger,manchester-city
37,Patrick Roberts,6750000,Right Winger,manchester-city
38,Sergio Ag??ero,58500000,Centre-Forward,manchester-city
39,Gabriel Jesus,27000000,Centre-Forward,manchester-city
40,Wilfried Bony,16200000,Centre-Forward,manchester-city
41,Kelechi Iheanacho,13500000,Centre-Forward,manchester-city
42,Enes ??nal,9000000,Centre-Forward,manchester-city
43,Rub??n Sobrino,450000,Centre-Forward,manchester-city
0,Thibaut Courtois,36000000,Goalkeeper,fc-chelsea
1,Asmir Begovic,7200000,Goalkeeper,fc-chelsea
2,Eduardo,1350000,Goalkeeper,fc-chelsea
3,Matej Delac,810000,Goalkeeper,fc-chelsea
4,Jamal Blackman,225000,Goalkeeper,fc-chelsea
5,David Luiz,27000000,Centre-Back,fc-chelsea
6,Andreas Christensen,16200000,Centre-Back,fc-chelsea
7,Gary Cahill,14400000,Centre-Back,fc-chelsea
8,Kurt Zouma,13500000,Centre-Back,fc-chelsea
9,Nathan Ak??,7200000,Centre-Back,fc-chelsea
10,Branislav Ivanovic,4500000,Centre-Back,fc-chelsea
11,Tomas Kalas,3600000,Centre-Back,fc-chelsea
12,Michael Hector,2700000,Centre-Back,fc-chelsea
13,Kenneth Omeruo,1800000,Centre-Back,fc-chelsea
14,Matt Miazga,1800000,Centre-Back,fc-chelsea
15,John Terry,900000,Centre-Back,fc-chelsea
16,Marcos Alonso,22500000,Left-Back,fc-chelsea
17,Abdul Rahman Baba,7200000,Left-Back,fc-chelsea
18,Cristian Cuevas,810000,Left-Back,fc-chelsea
19,C??sar Azpilicueta,27000000,Right-Back,fc-chelsea
20,Juan Cuadrado,22500000,Right-Back,fc-chelsea
21,Todd Kane,1350000,Right-Back,fc-chelsea
22,Wallace Oliveira,900000,Right-Back,fc-chelsea
23,Ola Aina,900000,Right-Back,fc-chelsea
24,Nemanja Matic,31500000,Defensive Midfield,fc-chelsea
25,Nathaniel Chalobah,4500000,Defensive Midfield,fc-chelsea
26,N'Golo Kant??,45000000,Central Midfield,fc-chelsea
27,Cesc F??bregas,31500000,Central Midfield,fc-chelsea
28,Mario Pasalic,7200000,Central Midfield,fc-chelsea
29,Marco van Ginkel,6750000,Central Midfield,fc-chelsea
30,Lewis Baker,4950000,Central Midfield,fc-chelsea
31,Ruben Loftus-Cheek,4500000,Central Midfield,fc-chelsea
32,Victorien Angban,900000,Central Midfield,fc-chelsea
33,Victor Moses,16200000,Right Midfield,fc-chelsea
34,Oscar,19800000,Attacking Midfield,fc-chelsea
35,Nathan,1130000,Attacking Midfield,fc-chelsea
36,Danilo Pantic,360000,Attacking Midfield,fc-chelsea
37,Eden Hazard,67500000,Left Winger,fc-chelsea
38,Kenedy,6300000,Left Winger,fc-chelsea
39,Christian Atsu,4500000,Left Winger,fc-chelsea
40,Lucas Piaz??n,2250000,Left Winger,fc-chelsea
41,J??r??mie Boga,2250000,Left Winger,fc-chelsea
42,Willian,28800000,Right Winger,fc-chelsea
43,Pedro,25200000,Right Winger,fc-chelsea
44,Bertrand Traor??,7200000,Right Winger,fc-chelsea
45,Diego Costa,45000000,Centre-Forward,fc-chelsea
46,Michy Batshuayi,22500000,Centre-Forward,fc-chelsea
47,Lo??c R??my,8100000,Centre-Forward,fc-chelsea
48,Dominic Solanke,1800000,Centre-Forward,fc-chelsea
0,David de Gea,36000000,Goalkeeper,manchester-united
1,Sergio Romero,5400000,Goalkeeper,manchester-united
2,Sam Johnstone,900000,Goalkeeper,manchester-united
3,Joel Pereira,90000,Goalkeeper,manchester-united
4,Dean Henderson,90000,Goalkeeper,manchester-united
5,Kieran O'Hara,0,Goalkeeper,manchester-united
6,Eric Bailly,27000000,Centre-Back,manchester-united
7,Daley Blind,19800000,Centre-Back,manchester-united
8,Marcos Rojo,16200000,Centre-Back,manchester-united
9,Chris Smalling,16200000,Centre-Back,manchester-united
10,Phil Jones,12600000,Centre-Back,manchester-united
11,Axel Tuanzebe,900000,Centre-Back,manchester-united
12,Luke Shaw,18000000,Left-Back,manchester-united
13,Cameron Borthwick-Jackson,2700000,Left-Back,manchester-united
14,Demetri Mitchell,0,Left-Back,manchester-united
15,Matteo Darmian,10800000,Right-Back,manchester-united
16,Antonio Valencia,9000000,Right-Back,manchester-united
17,Timothy Fosu-Mensah,2250000,Right-Back,manchester-united
18,Guillermo Varela,675000,Right-Back,manchester-united
19,Morgan Schneiderlin,19800000,Defensive Midfield,manchester-united
20,Michael Carrick,1350000,Defensive Midfield,manchester-united
21,Paul Pogba,67500000,Central Midfield,manchester-united
22,Ander Herrera,27000000,Central Midfield,manchester-united
23,Marouane Fellaini,10800000,Central Midfield,manchester-united
24,Bastian Schweinsteiger,4050000,Central Midfield,manchester-united
25,Matty Willock,0,Central Midfield,manchester-united
26,Scott McTominay,0,Central Midfield,manchester-united
27,Ashley Young,4500000,Left Midfield,manchester-united
28,Henrikh Mkhitaryan,31500000,Attacking Midfield,manchester-united
29,Juan Mata,27000000,Attacking Midfield,manchester-united
30,Wayne Rooney,13500000,Attacking Midfield,manchester-united
31,Jesse Lingard,10800000,Attacking Midfield,manchester-united
32,Andreas Pereira,4500000,Attacking Midfield,manchester-united
33,Josh Harrop,0,Attacking Midfield,manchester-united
34,Angel Gomes,0,Attacking Midfield,manchester-united
35,Memphis Depay,17100000,Left Winger,manchester-united
36,Marcus Rashford,16200000,Left Winger,manchester-united
37,Adnan Januzaj,6300000,Right Winger,manchester-united
38,Zak Dearnley,0,Right Winger,manchester-united
39,Anthony Martial,27000000,Centre-Forward,manchester-united
40,Zlatan Ibrahimovic,9000000,Centre-Forward,manchester-united
41,James Wilson,1800000,Centre-Forward,manchester-united
0,Wojciech Szczesny,15300000,Goalkeeper,fc-arsenal
1,David Ospina,6300000,Goalkeeper,fc-arsenal
2,Petr Cech,6300000,Goalkeeper,fc-arsenal
3,Emiliano Mart??nez,900000,Goalkeeper,fc-arsenal
4,Matt Macey,450000,Goalkeeper,fc-arsenal
5,Shkodran Mustafi,27000000,Centre-Back,fc-arsenal
6,Laurent Koscielny,19800000,Centre-Back,fc-arsenal
7,Calum Chambers,12600000,Centre-Back,fc-arsenal
8,Gabriel Paulista,11700000,Centre-Back,fc-arsenal
9,Rob Holding,6300000,Centre-Back,fc-arsenal
10,Per Mertesacker,5400000,Centre-Back,fc-arsenal
11,Nacho Monreal,11700000,Left-Back,fc-arsenal
12,Kieran Gibbs,9000000,Left-Back,fc-arsenal
13,Marc Bola,0,Left-Back,fc-arsenal
14,H??ctor Beller??n,27000000,Right-Back,fc-arsenal
15,Carl Jenkinson,4500000,Right-Back,fc-arsenal
16,Mathieu Debuchy,3150000,Right-Back,fc-arsenal
17,Granit Xhaka,31500000,Defensive Midfield,fc-arsenal
18,Francis Coquelin,13500000,Defensive Midfield,fc-arsenal
19,Mohamed Elneny,9000000,Defensive Midfield,fc-arsenal
20,Krystian Bielik,1800000,Defensive Midfield,fc-arsenal
21,Ben Sheaf,0,Defensive Midfield,fc-arsenal
22,Aaron Ramsey,31500000,Central Midfield,fc-arsenal
23,Alex Oxlade-Chamberlain,19800000,Central Midfield,fc-arsenal
24,Jack Wilshere,16200000,Central Midfield,fc-arsenal
25,Santi Cazorla,10800000,Central Midfield,fc-arsenal
26,Jeff Reine-Ad??la??de,900000,Central Midfield,fc-arsenal
27,Gedion Zelalem,225000,Central Midfield,fc-arsenal
28,Josh Dasilva,0,Central Midfield,fc-arsenal
29,Ainsley Maitland-Niles,675000,Right Midfield,fc-arsenal
30,Mesut ??zil,45000000,Attacking Midfield,fc-arsenal
31,Alex Iwobi,9000000,Left Winger,fc-arsenal
32,Chris Willock,0,Left Winger,fc-arsenal
33,Theo Walcott,18000000,Right Winger,fc-arsenal
34,Joel Campbell,5400000,Right Winger,fc-arsenal
35,Alexis S??nchez,58500000,Centre-Forward,fc-arsenal
36,Olivier Giroud,19800000,Centre-Forward,fc-arsenal
37,Lucas P??rez,13500000,Centre-Forward,fc-arsenal
38,Danny Welbeck,13500000,Centre-Forward,fc-arsenal
39,Chuba Akpom,900000,Centre-Forward,fc-arsenal
40,Yaya Sanogo,900000,Centre-Forward,fc-arsenal
41,Stephy Mavididi,0,Centre-Forward,fc-arsenal
0,Simon Mignolet,10800000,Goalkeeper,fc-liverpool
1,Loris Karius,7200000,Goalkeeper,fc-liverpool
2,Danny Ward,2250000,Goalkeeper,fc-liverpool
3,??d??m Bogd??n,900000,Goalkeeper,fc-liverpool
4,Alexander Manninger,180000,Goalkeeper,fc-liverpool
5,Joel Matip,22500000,Centre-Back,fc-liverpool
6,Dejan Lovren,15300000,Centre-Back,fc-liverpool
7,Mamadou Sakho,13500000,Centre-Back,fc-liverpool
8,Joe Gomez,3600000,Centre-Back,fc-liverpool
9,Ragnar Klavan,3150000,Centre-Back,fc-liverpool
10,Alberto Moreno,9000000,Left-Back,fc-liverpool
11,Nathaniel Clyne,18900000,Right-Back,fc-liverpool
12,Jon Flanagan,3150000,Right-Back,fc-liverpool
13,Andre Wisdom,2480000,Right-Back,fc-liverpool
14,Trent Alexander-Arnold,1350000,Right-Back,fc-liverpool
15,Connor Randall,450000,Right-Back,fc-liverpool
16,Emre Can,13500000,Defensive Midfield,fc-liverpool
17,Lucas Leiva,6300000,Defensive Midfield,fc-liverpool
18,Kevin Stewart,900000,Defensive Midfield,fc-liverpool
19,Jordan Williams,90000,Defensive Midfield,fc-liverpool
20,Georginio Wijnaldum,25200000,Central Midfield,fc-liverpool
21,Jordan Henderson,25200000,Central Midfield,fc-liverpool
22,James Milner,10800000,Central Midfield,fc-liverpool
23,Marko Grujic,4500000,Central Midfield,fc-liverpool
24,Ovie Ejaria,450000,Central Midfield,fc-liverpool
25,Philippe Coutinho,40500000,Attacking Midfield,fc-liverpool
26,Adam Lallana,22500000,Attacking Midfield,fc-liverpool
27,Ben Woodburn,1350000,Attacking Midfield,fc-liverpool
28,Paulinho,0,Attacking Midfield,fc-liverpool
29,Sadio Man??,36000000,Left Winger,fc-liverpool
30,Lazar Markovic,9000000,Right Winger,fc-liverpool
31,Sheyi Ojo,1800000,Right Winger,fc-liverpool
32,Harry Wilson,90000,Right Winger,fc-liverpool
33,Roberto Firmino,34200000,Centre-Forward,fc-liverpool
34,Daniel Sturridge,18000000,Centre-Forward,fc-liverpool
35,Divock Origi,10800000,Centre-Forward,fc-liverpool
36,Danny Ings,7200000,Centre-Forward,fc-liverpool
37,Rhian Brewster,0,Centre-Forward,fc-liverpool
0,Hugo Lloris,21600000,Goalkeeper,tottenham-hotspur
1,Michel Vorm,3600000,Goalkeeper,tottenham-hotspur
2,Pau L??pez,1350000,Goalkeeper,tottenham-hotspur
3,Luke McGee,90000,Goalkeeper,tottenham-hotspur
4,Alfie Whiteman,0,Goalkeeper,tottenham-hotspur
5,Toby Alderweireld,31500000,Centre-Back,tottenham-hotspur
6,Jan Vertonghen,25200000,Centre-Back,tottenham-hotspur
7,Eric Dier,22500000,Centre-Back,tottenham-hotspur
8,Federico Fazio,8100000,Centre-Back,tottenham-hotspur
9,Kevin Wimmer,6300000,Centre-Back,tottenham-hotspur
10,Cameron Carter-Vickers,450000,Centre-Back,tottenham-hotspur
11,Danny Rose,25200000,Left-Back,tottenham-hotspur
12,Ben Davies,10800000,Left-Back,tottenham-hotspur
13,Kyle Walker,27000000,Right-Back,tottenham-hotspur
14,Kieran Trippier,9000000,Right-Back,tottenham-hotspur
15,Kyle Walker-Peters,225000,Right-Back,tottenham-hotspur
16,Anton Walkes,90000,Right-Back,tottenham-hotspur
17,Victor Wanyama,22500000,Defensive Midfield,tottenham-hotspur
18,Harry Winks,3600000,Defensive Midfield,tottenham-hotspur
19,Filip Lesniak,90000,Defensive Midfield,tottenham-hotspur
20,Luke Amos,90000,Defensive Midfield,tottenham-hotspur
21,Moussa Sissoko,18000000,Central Midfield,tottenham-hotspur
22,Nabil Bentaleb,16200000,Central Midfield,tottenham-hotspur
23,Mousa Demb??l??,16200000,Central Midfield,tottenham-hotspur
24,Ryan Mason,7650000,Central Midfield,tottenham-hotspur
25,Tom Carroll,5400000,Central Midfield,tottenham-hotspur
26,Dele Alli,40500000,Attacking Midfield,tottenham-hotspur
27,Christian Eriksen,36000000,Attacking Midfield,tottenham-hotspur
28,Josh Onomah,2250000,Attacking Midfield,tottenham-hotspur
29,Heung-min Son,27000000,Left Winger,tottenham-hotspur
30,Georges-Kevin N'Koudou,6300000,Left Winger,tottenham-hotspur
31,Samuel Shashoua,0,Left Winger,tottenham-hotspur
32,Erik Lamela,22500000,Right Winger,tottenham-hotspur
33,Clinton N'Jie,6300000,Right Winger,tottenham-hotspur
34,Marcus Edwards,0,Right Winger,tottenham-hotspur
35,Harry Kane,54000000,Centre-Forward,tottenham-hotspur
36,Vincent Janssen,11700000,Centre-Forward,tottenham-hotspur
37,Shayon Harrison,0,Centre-Forward,tottenham-hotspur
0,Joel Robles,4500000,Goalkeeper,fc-everton
1,Maarten Stekelenburg,1800000,Goalkeeper,fc-everton
2,Mateusz Hewelt,0,Goalkeeper,fc-everton
3,Ramiro Funes Mori,10800000,Centre-Back,fc-everton
4,Ashley Williams,7200000,Centre-Back,fc-everton
5,Mason Holgate,4500000,Centre-Back,fc-everton
6,Phil Jagielka,1800000,Centre-Back,fc-everton
7,Tyias Browning,900000,Centre-Back,fc-everton
8,Matthew Pennington,450000,Centre-Back,fc-everton
9,Leighton Baines,10800000,Left-Back,fc-everton
10,Brendan Galloway,2700000,Left-Back,fc-everton
11,Bryan Oviedo,2250000,Left-Back,fc-everton
12,Luke Garbutt,900000,Left-Back,fc-everton
13,Seamus Coleman,15300000,Right-Back,fc-everton
14,Jonjoe Kenny,225000,Right-Back,fc-everton
15,Morgan Schneiderlin,19800000,Defensive Midfield,fc-everton
16,Idrissa Gueye,16200000,Defensive Midfield,fc-everton
17,Muhamed Besic,4500000,Defensive Midfield,fc-everton
18,Gareth Barry,1350000,Defensive Midfield,fc-everton
19,Ross Barkley,22500000,Central Midfield,fc-everton
20,James McCarthy,13500000,Central Midfield,fc-everton
21,Tom Cleverley,7200000,Central Midfield,fc-everton
22,Tom Davies,7200000,Central Midfield,fc-everton
23,Darron Gibson,1350000,Central Midfield,fc-everton
24,Joe Williams,0,Central Midfield,fc-everton
25,Yannick Bolasie,18000000,Left Winger,fc-everton
26,Gerard Deulofeu,10800000,Left Winger,fc-everton
27,Ademola Lookman,4500000,Left Winger,fc-everton
28,Aiden McGeady,3150000,Left Winger,fc-everton
29,Conor McAleny,450000,Left Winger,fc-everton
30,Kevin Mirallas,11700000,Right Winger,fc-everton
31,Aaron Lennon,4500000,Right Winger,fc-everton
32,Shani Tarashaj,1800000,Second Striker,fc-everton
33,Romelu Lukaku,45000000,Centre-Forward,fc-everton
34,Enner Valencia,9000000,Centre-Forward,fc-everton
35,Oumar Niasse,8100000,Centre-Forward,fc-everton
36,Dominic Calvert-Lewin,3150000,Centre-Forward,fc-everton
37,Arouna Kon??,1350000,Centre-Forward,fc-everton
38,Leandro Rodr??guez,900000,Centre-Forward,fc-everton
0,Adri??n,7200000,Goalkeeper,west-ham-united
1,Darren Randolph,2250000,Goalkeeper,west-ham-united
2,Raphael Spiegel,450000,Goalkeeper,west-ham-united
3,Winston Reid,9000000,Centre-Back,west-ham-united
4,Angelo Ogbonna,8100000,Centre-Back,west-ham-united
5,Jos?? Fonte,6300000,Centre-Back,west-ham-united
6,Havard Nordtveit,4500000,Centre-Back,west-ham-united
7,James Collins,1800000,Centre-Back,west-ham-united
8,Reece Burke,900000,Centre-Back,west-ham-united
9,Doneil Henry,360000,Centre-Back,west-ham-united
10,Aaron Cresswell,10800000,Left-Back,west-ham-united
11,Arthur Masuaku,6300000,Left-Back,west-ham-united
12,Stephen Hendrie,675000,Left-Back,west-ham-united
13,Lewis Page,90000,Left-Back,west-ham-united
14,Sam Byram,4050000,Right-Back,west-ham-united
15,??lvaro Arbeloa,1350000,Right-Back,west-ham-united
16,Sam Westley,45000,Right-Back,west-ham-united
17,Alex Pike,0,Right-Back,west-ham-united
18,Cheikhou Kouyat??,10800000,Defensive Midfield,west-ham-united
19,Reece Oxford,4500000,Defensive Midfield,west-ham-united
20,Declan Rice,0,Defensive Midfield,west-ham-united
21,Pedro Obiang,8100000,Central Midfield,west-ham-united
22,Mark Noble,6300000,Central Midfield,west-ham-united
23,Edimilson Fernandes,4500000,Central Midfield,west-ham-united
24,Josh Cullen,450000,Central Midfield,west-ham-united
25,Moses Makasi,0,Central Midfield,west-ham-united
26,Domingos Quina,0,Central Midfield,west-ham-united
27,Manuel Lanzini,13500000,Attacking Midfield,west-ham-united
28,Marcus Browne,225000,Attacking Midfield,west-ham-united
29,Dimitri Payet,23400000,Left Winger,west-ham-united
30,Andr?? Ayew,16200000,Left Winger,west-ham-united
31,Nathan Holland,0,Left Winger,west-ham-united
32,Grady Diangana,0,Left Winger,west-ham-united
33,G??khan T??re,10800000,Right Winger,west-ham-united
34,Sofiane Feghouli,10800000,Right Winger,west-ham-united
35,Robert Snodgrass,7200000,Right Winger,west-ham-united
36,Dan Kemp,0,Right Winger,west-ham-united
37,Michail Antonio,16200000,Centre-Forward,west-ham-united
38,Simone Zaza,13500000,Centre-Forward,west-ham-united
39,Enner Valencia,9000000,Centre-Forward,west-ham-united
40,Andy Carroll,9000000,Centre-Forward,west-ham-united
41,Diafra Sakho,9000000,Centre-Forward,west-ham-united
42,Jonathan Calleri,7200000,Centre-Forward,west-ham-united
43,Ashley Fletcher,900000,Centre-Forward,west-ham-united
0,Steve Mandanda,7200000,Goalkeeper,crystal-palace
1,Wayne Hennessey,3600000,Goalkeeper,crystal-palace
2,Juli??n Speroni,225000,Goalkeeper,crystal-palace
3,Kleton Perntreou,0,Goalkeeper,crystal-palace
4,Mamadou Sakho,13500000,Centre-Back,crystal-palace
5,James Tomkins,6300000,Centre-Back,crystal-palace
6,Scott Dann,4500000,Centre-Back,crystal-palace
7,Damien Delaney,900000,Centre-Back,crystal-palace
8,Ryan Inniss,68000,Centre-Back,crystal-palace
9,Luke Croll,0,Centre-Back,crystal-palace
10,Michael Phillips,0,Centre-Back,crystal-palace
11,Patrick van Aanholt,8100000,Left-Back,crystal-palace
12,Pape Souar??,5400000,Left-Back,crystal-palace
13,Zeki Fryers,1350000,Left-Back,crystal-palace
14,Joel Ward,4500000,Right-Back,crystal-palace
15,Martin Kelly,2700000,Right-Back,crystal-palace
16,Ben Wynter,0,Right-Back,crystal-palace
17,Aaron Wan-Bissaka,0,Right-Back,crystal-palace
18,Luka Milivojevic,9000000,Defensive Midfield,crystal-palace
19,Mile Jedinak,4050000,Defensive Midfield,crystal-palace
20,Mathieu Flamini,1800000,Defensive Midfield,crystal-palace
21,Hiram Boateng,450000,Defensive Midfield,crystal-palace
22,Yohan Cabaye,13500000,Central Midfield,crystal-palace
23,James McArthur,6300000,Central Midfield,crystal-palace
24,Joe Ledley,3150000,Central Midfield,crystal-palace
25,Jordon Mutch,2700000,Central Midfield,crystal-palace
26,Noor Husin,0,Central Midfield,crystal-palace
27,Luke Dreher,0,Central Midfield,crystal-palace
28,Jeffrey Schlupp,7200000,Left Midfield,crystal-palace
29,Jason Puncheon,4950000,Attacking Midfield,crystal-palace
30,Jonathan Williams,900000,Attacking Midfield,crystal-palace
31,Yannick Bolasie,18000000,Left Winger,crystal-palace
32,Wilfried Zaha,16200000,Left Winger,crystal-palace
33,Bakary Sako,5400000,Left Winger,crystal-palace
34,Sullay Kaikai,225000,Left Winger,crystal-palace
35,Keshi Anderson,90000,Left Winger,crystal-palace
36,Andros Townsend,10800000,Right Winger,crystal-palace
37,Chung-yong Lee,1350000,Right Winger,crystal-palace
38,Christian Benteke,25200000,Centre-Forward,crystal-palace
39,Lo??c R??my,8100000,Centre-Forward,crystal-palace
40,Connor Wickham,5400000,Centre-Forward,crystal-palace
41,Fraizer Campbell,1800000,Centre-Forward,crystal-palace
42,Jonathan Benteke,360000,Centre-Forward,crystal-palace
43,Kwesi Appiah,225000,Centre-Forward,crystal-palace
44,Freddie Ladapo,90000,Centre-Forward,crystal-palace
0,Fraser Forster,13500000,Goalkeeper,fc-southampton
1,Alex McCarthy,2700000,Goalkeeper,fc-southampton
2,Paulo Gazzaniga,900000,Goalkeeper,fc-southampton
3,Mouez Hassen,900000,Goalkeeper,fc-southampton
4,Stuart Taylor,225000,Goalkeeper,fc-southampton
5,Harry Lewis,0,Goalkeeper,fc-southampton
6,Virgil van Dijk,27000000,Centre-Back,fc-southampton
7,Jos?? Fonte,6300000,Centre-Back,fc-southampton
8,Maya Yoshida,4500000,Centre-Back,fc-southampton
9,Mart??n C??ceres,3600000,Centre-Back,fc-southampton
10,Jack Stephens,3150000,Centre-Back,fc-southampton
11,Florin Gardos,2250000,Centre-Back,fc-southampton
12,Ryan Bertrand,18000000,Left-Back,fc-southampton
13,Matt Targett,2700000,Left-Back,fc-southampton
14,Sam McQueen,675000,Left-Back,fc-southampton
15,C??dric Soares,13500000,Right-Back,fc-southampton
16,J??r??my Pied,3150000,Right-Back,fc-southampton
17,Cuco Martina,1800000,Right-Back,fc-southampton
18,Jordy Clasie,9000000,Defensive Midfield,fc-southampton
19,Oriol Romeu,9000000,Defensive Midfield,fc-southampton
20,Pierre-Emile H??jbjerg,7200000,Defensive Midfield,fc-southampton
21,Harrison Reed,900000,Defensive Midfield,fc-southampton
22,James Ward-Prowse,13500000,Central Midfield,fc-southampton
23,Steven Davis,5400000,Central Midfield,fc-southampton
24,Jake Hesketh,0,Attacking Midfield,fc-southampton
25,Dusan Tadic,15300000,Left Winger,fc-southampton
26,Sofiane Boufal,13500000,Left Winger,fc-southampton
27,Nathan Redmond,13500000,Left Winger,fc-southampton
28,Lloyd Isgrove,225000,Left Winger,fc-southampton
29,Josh Sims,450000,Right Winger,fc-southampton
30,Manolo Gabbiadini,13500000,Centre-Forward,fc-southampton
31,Charlie Austin,11700000,Centre-Forward,fc-southampton
32,Jay Rodr??guez,9000000,Centre-Forward,fc-southampton
33,Shane Long,8100000,Centre-Forward,fc-southampton
34,Sam Gallagher,2250000,Centre-Forward,fc-southampton
35,Olufela Olomola,0,Centre-Forward,fc-southampton
0,Jack Butland,13500000,Goalkeeper,stoke-city
1,Lee Grant,900000,Goalkeeper,stoke-city
2,Jakob Haugaard,675000,Goalkeeper,stoke-city
3,Shay Given,225000,Goalkeeper,stoke-city
4,Daniel Bachmann,225000,Goalkeeper,stoke-city
5,Bruno Martins Indi,9900000,Centre-Back,stoke-city
6,Ryan Shawcross,9900000,Centre-Back,stoke-city
7,Marc Muniesa,2700000,Centre-Back,stoke-city
8,Philipp Wollscheid,2250000,Centre-Back,stoke-city
9,Ryan Sweeney,225000,Centre-Back,stoke-city
10,Erik Pieters,6300000,Left-Back,stoke-city
11,Joel Taylor,0,Left-Back,stoke-city
12,Glen Johnson,4500000,Right-Back,stoke-city
13,Phil Bardsley,1350000,Right-Back,stoke-city
14,Tom Edwards,0,Right-Back,stoke-city
15,Giannelli Imbula,10800000,Defensive Midfield,stoke-city
16,Geoff Cameron,2700000,Defensive Midfield,stoke-city
17,Glenn Whelan,2250000,Defensive Midfield,stoke-city
18,Joe Allen,13500000,Central Midfield,stoke-city
19,Charlie Adam,3150000,Central Midfield,stoke-city
20,Ibrahim Afellay,2700000,Left Midfield,stoke-city
21,Stephen Ireland,900000,Attacking Midfield,stoke-city
22,Ramadan Sobhi,4500000,Left Winger,stoke-city
23,Xherdan Shaqiri,13500000,Right Winger,stoke-city
24,Jonathan Walters,2250000,Right Winger,stoke-city
25,Thibaud Verlinden,0,Right Winger,stoke-city
26,Bojan Krkic,4500000,Second Striker,stoke-city
27,Wilfried Bony,16200000,Centre-Forward,stoke-city
28,Saido Berahino,13500000,Centre-Forward,stoke-city
29,Marko Arnautovic,13500000,Centre-Forward,stoke-city
30,Mame Diouf,6300000,Centre-Forward,stoke-city
31,Joselu,3150000,Centre-Forward,stoke-city
32,Peter Crouch,1350000,Centre-Forward,stoke-city
33,Julien Ngoy,0,Centre-Forward,stoke-city
0,Costel Pantilimon,2700000,Goalkeeper,fc-watford
1,Heurelho Gomes,900000,Goalkeeper,fc-watford
2,Giedrius Arlauskis,900000,Goalkeeper,fc-watford
3,Rene Gilmartin,225000,Goalkeeper,fc-watford
4,Christian Kabasele,4950000,Centre-Back,fc-watford
5,Sebastian Pr??dl,3600000,Centre-Back,fc-watford
6,Craig Cathcart,3600000,Centre-Back,fc-watford
7,Miguel Britos,3150000,Centre-Back,fc-watford
8,Youn??s Kaboul,2250000,Centre-Back,fc-watford
9,Adrian Mariappa,900000,Centre-Back,fc-watford
10,Tommie Hoban,675000,Centre-Back,fc-watford
11,Charlie Rowan,0,Centre-Back,fc-watford
12,Jose Cholevas,1800000,Left-Back,fc-watford
13,Brandon Mason,0,Left-Back,fc-watford
14,Daryl Janmaat,6300000,Right-Back,fc-watford
15,Allan Nyom,4050000,Right-Back,fc-watford
16,Juan Carlos Paredes,1580000,Right-Back,fc-watford
17,Camilo Z????iga,1350000,Right-Back,fc-watford
18,Andrew Eleftheriou,0,Right-Back,fc-watford
19,??tienne Capoue,8100000,Defensive Midfield,fc-watford
20,Mario Su??rez,5400000,Defensive Midfield,fc-watford
21,Brice Dja Dj??dj??,2700000,Defensive Midfield,fc-watford
22,Valon Behrami,2250000,Defensive Midfield,fc-watford
23,Tom Cleverley,7200000,Central Midfield,fc-watford
24,Abdoulaye Doucour??,5400000,Central Midfield,fc-watford
25,Sven Kums,4500000,Central Midfield,fc-watford
26,Adl??ne Gu??dioura,900000,Central Midfield,fc-watford
27,Ben Watson,900000,Central Midfield,fc-watford
28,Carl Stewart,0,Central Midfield,fc-watford
29,Ikechi Anya,3600000,Left Midfield,fc-watford
30,Roberto Pereyra,13500000,Attacking Midfield,fc-watford
31,Kenedy,6300000,Left Winger,fc-watford
32,Isaac Success,3600000,Left Winger,fc-watford
33,Dion Pereira,0,Left Winger,fc-watford
34,Steven Berghuis,4950000,Right Winger,fc-watford
35,Nordin Amrabat,4050000,Right Winger,fc-watford
36,M'Baye Niang,13500000,Centre-Forward,fc-watford
37,Troy Deeney,9900000,Centre-Forward,fc-watford
38,Odion Ighalo,6300000,Centre-Forward,fc-watford
39,Matej Vydra,5400000,Centre-Forward,fc-watford
40,Stefano Okaka,5400000,Centre-Forward,fc-watford
41,Obbi Oulare,1800000,Centre-Forward,fc-watford
42,Mauro Z??rate,1800000,Centre-Forward,fc-watford
43,Jerome Sinclair,1350000,Centre-Forward,fc-watford
44,Mathias Ran??gie,360000,Centre-Forward,fc-watford
45,Michael Folivi,0,Centre-Forward,fc-watford
0,Kasper Schmeichel,9000000,Goalkeeper,leicester-city
1,Ron-Robert Zieler,6300000,Goalkeeper,leicester-city
2,Ben Hamer,450000,Goalkeeper,leicester-city
3,Robert Huth,4500000,Centre-Back,leicester-city
4,Luis Hern??ndez,2700000,Centre-Back,leicester-city
5,Wes Morgan,2700000,Centre-Back,leicester-city
6,Molla Wagu??,1350000,Centre-Back,leicester-city
7,Yohan Benalouane,900000,Centre-Back,leicester-city
8,Marcin Wasilewski,45000,Centre-Back,leicester-city
9,Elliott Moore,0,Centre-Back,leicester-city
10,Christian Fuchs,5400000,Left-Back,leicester-city
11,Ben Chilwell,2250000,Left-Back,leicester-city
12,Danny Simpson,4500000,Right-Back,leicester-city
13,Wilfred Ndidi,12600000,Defensive Midfield,leicester-city
14,Nampalys Mendy,9000000,Defensive Midfield,leicester-city
15,Daniel Amartey,4500000,Defensive Midfield,leicester-city
16,Danny Drinkwater,8100000,Central Midfield,leicester-city
17,Andy King,2700000,Central Midfield,leicester-city
18,Matty James,1350000,Central Midfield,leicester-city
19,Marc Albrighton,5400000,Right Midfield,leicester-city
20,Jeffrey Schlupp,7200000,Left Midfield,leicester-city
21,Harvey Barnes,90000,Left Midfield,leicester-city
22,Bartosz Kapustka,5400000,Attacking Midfield,leicester-city
23,Ahmed Musa,15300000,Left Winger,leicester-city
24,Demarai Gray,8100000,Left Winger,leicester-city
25,Tom Lawrence,2250000,Left Winger,leicester-city
26,Riyad Mahrez,27000000,Right Winger,leicester-city
27,Islam Slimani,22500000,Centre-Forward,leicester-city
28,Jamie Vardy,13500000,Centre-Forward,leicester-city
29,Shinji Okazaki,6300000,Centre-Forward,leicester-city
30,Leonardo Ulloa,5400000,Centre-Forward,leicester-city
0,Lukasz Fabianski,8100000,Goalkeeper,swansea-city
1,Kristoffer Nordfeldt,1350000,Goalkeeper,swansea-city
2,Mark Birighitti,900000,Goalkeeper,swansea-city
3,Gerhard Tremmel,225000,Goalkeeper,swansea-city
4,Federico Fern??ndez,8100000,Centre-Back,swansea-city
5,Alfie Mawson,5400000,Centre-Back,swansea-city
6,Kyle Bartley,3150000,Centre-Back,swansea-city
7,Jordi Amat,2250000,Centre-Back,swansea-city
8,Mike van der Hoorn,1800000,Centre-Back,swansea-city
9,Neil Taylor,5400000,Left-Back,swansea-city
10,Martin Olsson,4500000,Left-Back,swansea-city
11,Franck Tabanou,1800000,Left-Back,swansea-city
12,Stephen Kingsley,675000,Left-Back,swansea-city
13,Kyle Naughton,4500000,Right-Back,swansea-city
14,??ngel Rangel,900000,Right-Back,swansea-city
15,Connor Roberts,225000,Right-Back,swansea-city
16,Leroy Fer,7200000,Defensive Midfield,swansea-city
17,Sung-yueng Ki,6300000,Defensive Midfield,swansea-city
18,Jack Cork,4500000,Defensive Midfield,swansea-city
19,Tom Carroll,5400000,Central Midfield,swansea-city
20,Matt Grimes,1350000,Central Midfield,swansea-city
21,Leon Britton,900000,Central Midfield,swansea-city
22,Jay Fulton,450000,Central Midfield,swansea-city
23,Kenji Gorr??,90000,Right Midfield,swansea-city
24,Gylfi Sigurdsson,22500000,Attacking Midfield,swansea-city
25,Jefferson Montero,4050000,Left Winger,swansea-city
26,Modou Barrow,2700000,Left Winger,swansea-city
27,Wayne Routledge,2250000,Left Winger,swansea-city
28,Daniel James,0,Left Winger,swansea-city
29,Luciano Narsingh,4500000,Right Winger,swansea-city
30,Nathan Dyer,3150000,Right Winger,swansea-city
31,Borja Bast??n,9000000,Centre-Forward,swansea-city
32,Jordan Ayew,6750000,Centre-Forward,swansea-city
33,Fernando Llorente,5400000,Centre-Forward,swansea-city
34,Baf??timbi Gomis,4500000,Centre-Forward,swansea-city
35,Marvin Emnes,900000,Centre-Forward,swansea-city
36,Oliver McBurnie,225000,Centre-Forward,swansea-city
0,David Marshall,2700000,Goalkeeper,hull-city
1,Allan McGregor,900000,Goalkeeper,hull-city
2,Dusan Kuciak,900000,Goalkeeper,hull-city
3,Eldin Jakupovic,900000,Goalkeeper,hull-city
4,Will Mannion,0,Goalkeeper,hull-city
5,Harry Maguire,7200000,Centre-Back,hull-city
6,Andrea Ranocchia,4500000,Centre-Back,hull-city
7,Curtis Davies,2250000,Centre-Back,hull-city
8,Michael Dawson,2250000,Centre-Back,hull-city
9,Alex Bruce,675000,Centre-Back,hull-city
10,Andrew Robertson,6300000,Left-Back,hull-city
11,Josh Tymon,900000,Left-Back,hull-city
12,Omar Elabdellaoui,4500000,Right-Back,hull-city
13,Moses Odubajo,4500000,Right-Back,hull-city
14,Ahmed Elmohamady,3600000,Right-Back,hull-city
15,Brian Lenihan,90000,Right-Back,hull-city
16,Josh Clackstone,0,Right-Back,hull-city
17,Harvey Rodgers,0,Right-Back,hull-city
18,Ben Hinchliffe,0,Midfielder,hull-city
19,Jake Livermore,6300000,Defensive Midfield,hull-city
20,Alfred N'Diaye,4500000,Defensive Midfield,hull-city
21,Tom Huddlestone,4500000,Defensive Midfield,hull-city
22,Ryan Mason,7650000,Central Midfield,hull-city
23,Markus Henriksen,4500000,Central Midfield,hull-city
24,Sam Clucas,2250000,Central Midfield,hull-city
25,David Meyler,1800000,Central Midfield,hull-city
26,James Weir,450000,Central Midfield,hull-city
27,Daniel Batty,0,Central Midfield,hull-city
28,Evandro,1800000,Attacking Midfield,hull-city
29,Shaun Maloney,900000,Attacking Midfield,hull-city
30,Greg Olley,0,Attacking Midfield,hull-city
31,Kamil Grosicki,6300000,Left Winger,hull-city
32,Lazar Markovic,9000000,Right Winger,hull-city
33,Robert Snodgrass,7200000,Right Winger,hull-city
34,Jarrod Bowen,225000,Right Winger,hull-city
35,Oumar Niasse,8100000,Centre-Forward,hull-city
36,Abel Hern??ndez,7200000,Centre-Forward,hull-city
37,Dieumerci Mbokani,4500000,Centre-Forward,hull-city
38,Will Keane,1350000,Centre-Forward,hull-city
39,Adama Diomande,1350000,Centre-Forward,hull-city
40,Greg Luer,225000,Centre-Forward,hull-city
41,Johan Ter Horst,0,Centre-Forward,hull-city
0,V??ctor Vald??s,1800000,Goalkeeper,fc-middlesbrough
1,Brad Guzan,900000,Goalkeeper,fc-middlesbrough
2,Tom??s Mej??as,270000,Goalkeeper,fc-middlesbrough
3,Connor Ripley,225000,Goalkeeper,fc-middlesbrough
4,Dimitrios Konstantopoulos,225000,Goalkeeper,fc-middlesbrough
5,Calum Chambers,12600000,Centre-Back,fc-middlesbrough
6,Ben Gibson,7200000,Centre-Back,fc-middlesbrough
7,Bernardo Espinosa,2250000,Centre-Back,fc-middlesbrough
8,Daniel Ayala,1800000,Centre-Back,fc-middlesbrough
9,Alex Baptiste,900000,Centre-Back,fc-middlesbrough
10,Dael Fry,225000,Centre-Back,fc-middlesbrough
11,George Friend,1350000,Left-Back,fc-middlesbrough
12,James Husband,450000,Left-Back,fc-middlesbrough
13,Antonio Barrag??n,2700000,Right-Back,fc-middlesbrough
14,F??bio,1800000,Right-Back,fc-middlesbrough
15,Emilio Nsue,1580000,Right-Back,fc-middlesbrough
16,Marten de Roon,9000000,Defensive Midfield,fc-middlesbrough
17,Julien de Sart,1800000,Defensive Midfield,fc-middlesbrough
18,Adam Clayton,2700000,Central Midfield,fc-middlesbrough
19,Adam Forshaw,2700000,Central Midfield,fc-middlesbrough
20,Grant Leadbitter,1800000,Central Midfield,fc-middlesbrough
21,Adl??ne Gu??dioura,900000,Central Midfield,fc-middlesbrough
22,Adam Reach,4050000,Left Midfield,fc-middlesbrough
23,Stewart Downing,3150000,Left Midfield,fc-middlesbrough
24,Gast??n Ram??rez,5400000,Attacking Midfield,fc-middlesbrough
25,Viktor Fischer,4500000,Left Winger,fc-middlesbrough
26,Carlos de Pena,1800000,Left Winger,fc-middlesbrough
27,Adama Traor??,7200000,Right Winger,fc-middlesbrough
28,Albert Adomah,2250000,Right Winger,fc-middlesbrough
29,Jordan Rhodes,9000000,Centre-Forward,fc-middlesbrough
30,??lvaro Negredo,6750000,Centre-Forward,fc-middlesbrough
31,Rudy Gestede,6300000,Centre-Forward,fc-middlesbrough
32,Patrick Bamford,4500000,Centre-Forward,fc-middlesbrough
33,Cristhian Stuani,3150000,Centre-Forward,fc-middlesbrough
34,David Nugent,2700000,Centre-Forward,fc-middlesbrough
0,Ben Foster,3600000,Goalkeeper,west-bromwich-albion
1,Boaz Myhill,1350000,Goalkeeper,west-bromwich-albion
2,Jack Rose,90000,Goalkeeper,west-bromwich-albion
3,Alex Palmer,0,Goalkeeper,west-bromwich-albion
4,Jonny Evans,6300000,Centre-Back,west-bromwich-albion
5,Craig Dawson,5400000,Centre-Back,west-bromwich-albion
6,Marc Wilson,2250000,Centre-Back,west-bromwich-albion
7,Jonas Olsson,990000,Centre-Back,west-bromwich-albion
8,Gareth McAuley,900000,Centre-Back,west-bromwich-albion
9,Brendan Galloway,2700000,Left-Back,west-bromwich-albion
10,S??bastien Pocognoli,675000,Left-Back,west-bromwich-albion
11,Allan Nyom,4050000,Right-Back,west-bromwich-albion
12,Kane Wilson,0,Right-Back,west-bromwich-albion
13,Jake Livermore,6300000,Defensive Midfield,west-bromwich-albion
14,Claudio Yacob,3600000,Defensive Midfield,west-bromwich-albion
15,James Morrison,4500000,Central Midfield,west-bromwich-albion
16,Chris Brunt,3600000,Central Midfield,west-bromwich-albion
17,Craig Gardner,3150000,Central Midfield,west-bromwich-albion
18,Darren Fletcher,1800000,Central Midfield,west-bromwich-albion
19,Sam Field,225000,Central Midfield,west-bromwich-albion
20,Rekeem Harper,0,Central Midfield,west-bromwich-albion
21,James McClean,2700000,Left Midfield,west-bromwich-albion
22,Nacer Chadli,13500000,Left Winger,west-bromwich-albion
23,Matt Phillips,8100000,Right Winger,west-bromwich-albion
24,Callum McManaman,3150000,Right Winger,west-bromwich-albion
25,Jonathan Leko,1350000,Right Winger,west-bromwich-albion
26,Saido Berahino,13500000,Centre-Forward,west-bromwich-albion
27,Salom??n Rond??n,13500000,Centre-Forward,west-bromwich-albion
28,Hal Robson-Kanu,2250000,Centre-Forward,west-bromwich-albion
29,Rickie Lambert,1350000,Centre-Forward,west-bromwich-albion
0,Jordan Pickford,13500000,Goalkeeper,afc-sunderland
1,Vito Mannone,2250000,Goalkeeper,afc-sunderland
2,Mika,1800000,Goalkeeper,afc-sunderland
3,Max Stryjek,0,Goalkeeper,afc-sunderland
4,Lamine Kon??,6300000,Centre-Back,afc-sunderland
5,Papy Djilobodji,4500000,Centre-Back,afc-sunderland
6,Jason Denayer,3600000,Centre-Back,afc-sunderland
7,Jan Kirchhoff,2700000,Centre-Back,afc-sunderland
8,Youn??s Kaboul,2250000,Centre-Back,afc-sunderland
9,Joleon Lescott,900000,Centre-Back,afc-sunderland
10,John O'Shea,900000,Centre-Back,afc-sunderland
11,Michael Ledger,0,Centre-Back,afc-sunderland
12,Patrick van Aanholt,8100000,Left-Back,afc-sunderland
13,Bryan Oviedo,2250000,Left-Back,afc-sunderland
14,Tommy Robson,0,Left-Back,afc-sunderland
15,Javier Manquillo,3600000,Right-Back,afc-sunderland
16,Adam Matthews,1350000,Right-Back,afc-sunderland
17,Billy Jones,1350000,Right-Back,afc-sunderland
18,Donald Love,900000,Right-Back,afc-sunderland
19,Josh Robson,0,Right-Back,afc-sunderland
20,Jack Rodwell,4500000,Defensive Midfield,afc-sunderland
21,Paddy McNair,3600000,Defensive Midfield,afc-sunderland
22,Lee Cattermole,2700000,Defensive Midfield,afc-sunderland
23,Didier Ndong,9000000,Central Midfield,afc-sunderland
24,Sebastian Larsson,2250000,Central Midfield,afc-sunderland
25,Darron Gibson,1350000,Central Midfield,afc-sunderland
26,Ethan Robson,0,Central Midfield,afc-sunderland
27,Elliot Embleton,0,Central Midfield,afc-sunderland
28,George Honeyman,225000,Attacking Midfield,afc-sunderland
29,Fabio Borini,4500000,Left Winger,afc-sunderland
30,Steven Pienaar,900000,Left Winger,afc-sunderland
31,Rees Greenwood,0,Left Winger,afc-sunderland
32,Jeremain Lens,9900000,Right Winger,afc-sunderland
33,Adnan Januzaj,6300000,Right Winger,afc-sunderland
34,Duncan Watmore,2700000,Right Winger,afc-sunderland
35,Will Buckley,1800000,Right Winger,afc-sunderland
36,Lynden Gooch,675000,Right Winger,afc-sunderland
37,Wahbi Khazri,6300000,Centre-Forward,afc-sunderland
38,Jermain Defoe,4500000,Centre-Forward,afc-sunderland
39,Victor Anichebe,1350000,Centre-Forward,afc-sunderland
40,Joel Asoro,0,Centre-Forward,afc-sunderland
41,Josh Maja,0,Centre-Forward,afc-sunderland
0,Artur Boruc,900000,Goalkeeper,afc-bournemouth
1,Adam Federici,900000,Goalkeeper,afc-bournemouth
2,Aaron Ramsdale,450000,Goalkeeper,afc-bournemouth
3,Ryan Allsop,225000,Goalkeeper,afc-bournemouth
4,Jordan Holmes,0,Goalkeeper,afc-bournemouth
5,Nathan Ak??,7200000,Centre-Back,afc-bournemouth
6,Steve Cook,4500000,Centre-Back,afc-bournemouth
7,Tyrone Mings,4500000,Centre-Back,afc-bournemouth
8,Marc Wilson,2250000,Centre-Back,afc-bournemouth
9,Baily Cargill,225000,Centre-Back,afc-bournemouth
10,Jack Simpson,0,Centre-Back,afc-bournemouth
11,Corey Jordan,0,Centre-Back,afc-bournemouth
12,Charlie Daniels,2700000,Left-Back,afc-bournemouth
13,Brad Smith,1800000,Left-Back,afc-bournemouth
14,Rhoys Wiggins,450000,Left-Back,afc-bournemouth
15,Callum Buckley,0,Left-Back,afc-bournemouth
16,Adam Smith,4500000,Right-Back,afc-bournemouth
17,Simon Francis,2250000,Right-Back,afc-bournemouth
18,Jordan Lee,0,Right-Back,afc-bournemouth
19,Jack Wilshere,16200000,Central Midfield,afc-bournemouth
20,Lewis Cook,5400000,Central Midfield,afc-bournemouth
21,Dan Gosling,2700000,Central Midfield,afc-bournemouth
22,Harry Arter,2250000,Central Midfield,afc-bournemouth
23,Andrew Surman,1800000,Central Midfield,afc-bournemouth
24,Emerson Hyndman,900000,Central Midfield,afc-bournemouth
25,Eunan O'Kane,900000,Central Midfield,afc-bournemouth
26,Matt Worthington,0,Central Midfield,afc-bournemouth
27,Keelan O'Connell,0,Right Midfield,afc-bournemouth
28,Ollie Harfield,0,Left Midfield,afc-bournemouth
29,Max Gradel,6300000,Left Winger,afc-bournemouth
30,Ryan Fraser,4500000,Left Winger,afc-bournemouth
31,Junior Stanislas,4050000,Left Winger,afc-bournemouth
32,Marc Pugh,1800000,Left Winger,afc-bournemouth
33,Jordon Ibe,7200000,Right Winger,afc-bournemouth
34,Harry Cornick,90000,Right Winger,afc-bournemouth
35,Joshua King,7200000,Second Striker,afc-bournemouth
36,Benik Afobe,9000000,Centre-Forward,afc-bournemouth
37,Callum Wilson,9000000,Centre-Forward,afc-bournemouth
38,Lys Mousset,3600000,Centre-Forward,afc-bournemouth
39,Lewis Grabban,2700000,Centre-Forward,afc-bournemouth
40,Sam Surridge,0,Centre-Forward,afc-bournemouth
0,Tom Heaton,3600000,Goalkeeper,fc-burnley
1,Nick Pope,675000,Goalkeeper,fc-burnley
2,Paul Robinson,225000,Goalkeeper,fc-burnley
3,Michael Keane,16200000,Centre-Back,fc-burnley
4,Ben Mee,5400000,Centre-Back,fc-burnley
5,James Tarkowski,1800000,Centre-Back,fc-burnley
6,Kevin Long,450000,Centre-Back,fc-burnley
7,Tom Anderson,225000,Centre-Back,fc-burnley
8,Stephen Ward,1350000,Left-Back,fc-burnley
9,Danny Lafferty,450000,Left-Back,fc-burnley
10,Jon Flanagan,3150000,Right-Back,fc-burnley
11,Matthew Lowton,2250000,Right-Back,fc-burnley
12,Tendayi Darikwa,450000,Right-Back,fc-burnley
13,David Jones,1350000,Midfielder,fc-burnley
14,Ashley Westwood,3600000,Defensive Midfield,fc-burnley
15,Jeff Hendrick,5400000,Central Midfield,fc-burnley
16,Steven Defour,5400000,Central Midfield,fc-burnley
17,Scott Arfield,2700000,Central Midfield,fc-burnley
18,Dean Marney,900000,Central Midfield,fc-burnley
19,Joey Barton,900000,Central Midfield,fc-burnley
20,Fredrik Ulvestad,675000,Central Midfield,fc-burnley
21,Aiden O'Neill,90000,Central Midfield,fc-burnley
22,Robbie Brady,9000000,Left Midfield,fc-burnley
23,Michael Kightly,900000,Left Midfield,fc-burnley
24,Bradley Jackson,0,Forward,fc-burnley
25,George Boyd,3600000,Left Winger,fc-burnley
26,J??hann Berg Gudmundsson,2250000,Right Winger,fc-burnley
27,Andre Gray,9000000,Centre-Forward,fc-burnley
28,Patrick Bamford,4500000,Centre-Forward,fc-burnley
29,Sam Vokes,4050000,Centre-Forward,fc-burnley
30,Ashley Barnes,2250000,Centre-Forward,fc-burnley
31,Rouwen Hennings,1350000,Centre-Forward,fc-burnley
32,Lukas Jutkiewicz,1350000,Centre-Forward,fc-burnley
33,Chris Long,900000,Centre-Forward,fc-burnley
34,Dan Agyei,68000,Centre-Forward,fc-burnley
35,Ntumba Massanka,0,Centre-Forward,fc-burnley
